{"stats": "openaigym.episode_batch.0.16708.stats.json", "videos": [["openaigym.video.0.16708.video000000.mp4", "openaigym.video.0.16708.video000000.meta.json"], ["openaigym.video.0.16708.video000001.mp4", "openaigym.video.0.16708.video000001.meta.json"], ["openaigym.video.0.16708.video000008.mp4", "openaigym.video.0.16708.video000008.meta.json"], ["openaigym.video.0.16708.video000027.mp4", "openaigym.video.0.16708.video000027.meta.json"]], "env_info": {"gym_version": "0.17.3", "env_id": "BreakoutNoFrameskip-v4"}}