{"episode_id": 8, "content_type": "video/mp4", "encoder_version": {"backend": "ffmpeg", "version": "b'ffmpeg version 2022-05-04-git-0914e3a14a-essentials_build-www.gyan.dev Copyright (c) 2000-2022 the FFmpeg developers\\r\\nbuilt with gcc 11.2.0 (Rev10, Built by MSYS2 project)\\r\\nconfiguration: --enable-gpl --enable-version3 --enable-static --disable-w32threads --disable-autodetect --enable-fontconfig --enable-iconv --enable-gnutls --enable-libxml2 --enable-gmp --enable-bzlib --enable-lzma --enable-zlib --enable-libsrt --enable-libssh --enable-libzmq --enable-avisynth --enable-sdl2 --enable-libwebp --enable-libx264 --enable-libx265 --enable-libxvid --enable-libaom --enable-libopenjpeg --enable-libvpx --enable-mediafoundation --enable-libass --enable-libfreetype --enable-libfribidi --enable-libvidstab --enable-libvmaf --enable-libzimg --enable-amf --enable-cuda-llvm --enable-cuvid --enable-ffnvcodec --enable-nvdec --enable-nvenc --enable-d3d11va --enable-dxva2 --enable-libmfx --enable-libgme --enable-libopenmpt --enable-libopencore-amrwb --enable-libmp3lame --enable-libtheora --enable-libvo-amrwbenc --enable-libgsm --enable-libopencore-amrnb --enable-libopus --enable-libspeex --enable-libvorbis --enable-librubberband\\r\\nlibavutil      57. 24.101 / 57. 24.101\\r\\nlibavcodec     59. 27.100 / 59. 27.100\\r\\nlibavformat    59. 23.100 / 59. 23.100\\r\\nlibavdevice    59.  6.100 / 59.  6.100\\r\\nlibavfilter     8. 37.100 /  8. 37.100\\r\\nlibswscale      6.  6.100 /  6.  6.100\\r\\nlibswresample   4.  6.100 /  4.  6.100\\r\\nlibpostproc    56.  5.100 / 56.  5.100\\r\\n'", "cmdline": ["ffmpeg", "-nostats", "-loglevel", "error", "-y", "-f", "rawvideo", "-s:v", "600x400", "-pix_fmt", "rgb24", "-framerate", "50", "-i", "-", "-vf", "scale=trunc(iw/2)*2:trunc(ih/2)*2", "-vcodec", "libx264", "-pix_fmt", "yuv420p", "-r", "50", "c:\\Users\\A\\source\\repos\\deep_learn\\videos\\openaigym.video.1.15480.video000008.mp4"]}}