{"stats": "openaigym.episode_batch.1.15480.stats.json", "videos": [["openaigym.video.1.15480.video000000.mp4", "openaigym.video.1.15480.video000000.meta.json"], ["openaigym.video.1.15480.video000001.mp4", "openaigym.video.1.15480.video000001.meta.json"], ["openaigym.video.1.15480.video000008.mp4", "openaigym.video.1.15480.video000008.meta.json"], ["openaigym.video.1.15480.video000027.mp4", "openaigym.video.1.15480.video000027.meta.json"], ["openaigym.video.1.15480.video000064.mp4", "openaigym.video.1.15480.video000064.meta.json"]], "env_info": {"gym_version": "0.17.3", "env_id": "CartPole-v0"}}